<Scene>
	<BackgroundColor>0 156 59</BackgroundColor>
	<Culling>enabled</Culling>
	<Cameras>
		<Camera id="1" type="perspective">
			<Position>-150 0 10</Position>
			<Gaze>1 0 0</Gaze>
			<Up>0 1 0</Up>
			<ImagePlane>-1 1 -1 1 2 1000 1000 1000</ImagePlane>
			<OutputName>flag_czechia_alt_1_ce.ppm</OutputName>
		</Camera>
		<Camera id="2" type="perspective">
			<Position>-150 0 30</Position>
			<Gaze>1 0 0</Gaze>
			<Up>0 1 0</Up>
			<ImagePlane>-1 1 -1 1 2 1000 1000 1000</ImagePlane>
			<OutputName>flag_czechia_alt_2_ce.ppm</OutputName>
		</Camera>
		<Camera id="3" type="perspective">
			<Position>0 0 100</Position>
			<Gaze>0 0 -1</Gaze>
			<Up>0 1 0</Up>
			<ImagePlane>-1 1 -1 1 2 1000 1000 1000</ImagePlane>
			<OutputName>flag_czechia_alt_3_ce.ppm</OutputName>
		</Camera>
        <Camera id="4" type="perspective">
			<Position>150 0 30</Position>
			<Gaze>-1 0 0</Gaze>
			<Up>0 1 0</Up>
			<ImagePlane>-1 1 -1 1 2 1000 1000 1000</ImagePlane>
			<OutputName>flag_czechia_alt_4_ce.ppm</OutputName>
		</Camera>
        <Camera id="5" type="perspective">
			<Position>150 0 10</Position>
			<Gaze>-1 0 0</Gaze>
			<Up>0 1 0</Up>
			<ImagePlane>-1 1 -1 1 2 1000 1000 1000</ImagePlane>
			<OutputName>flag_czechia_alt_5_ce.ppm</OutputName>
		</Camera>
	</Cameras>

	<Vertices>
		<Vertex id="1" position="-40.0 25.0 0.0" color="255 255 255" />
        <Vertex id="2" position="-40.0 -25.0 0.0" color="255 255 255" />
        <Vertex id="3" position="40.0 -25.0 0.0" color="255 255 255" />
        <Vertex id="4" position="40.0 25.0 0.0" color="255 255 255" />
        <Vertex id="5" position="40.0 -25.0 -5.0" color="0 0 255" />
        <Vertex id="6" position="40.0 25.0 -5.0" color="0 0 255" />
        <Vertex id="7" position="-40.0 25.0 -5.0" color="0 255 255" />
        <Vertex id="8" position="-40.0 -25.0 -5.0" color="0 255 255" />

        <Vertex id="9" position="-34.2 0.0 0.0" color="215 20 26" />
        <Vertex id="10" position="-34.2 -21.3 0.0" color="215 20 26" />
        <Vertex id="11" position="34.2 -21.3 0.0" color="215 20 26" />
        <Vertex id="12" position="34.2 0.0 0.0" color="215 20 26" />
        <Vertex id="13" position="34.2 -21.3 -10.0" color="0 0 255" />
        <Vertex id="14" position="34.2 0.0 -10.0" color="0 0 255" />
        <Vertex id="15" position="-34.2 0.0 -10.0" color="0 255 255" />
        <Vertex id="16" position="-34.2 -21.3 -10.0" color="0 255 255" />

        <Vertex id="17" position="5 0 0" color="255 0 0" />
		<Vertex id="18" position="5 0 8" color="17 69 126" />
		<Vertex id="19" position="0 9 5" color="17 69 126" />
		<Vertex id="20" position="-5 0 8" color="17 69 126" />
		<Vertex id="21" position="-5 0 0" color="0 255 255" />

	</Vertices>

	<Translations>
		<Translation id="1" value="0 0 15" />
		<Translation id="2" value="-20.1 0 0" />
	</Translations>

	<Scalings>
		<Scaling id="1" value="0.1 0.1 0.1" />
		<Scaling id="2" value="0.25 0.25 0.25" />
		<Scaling id="3" value="0.5 0.5 0.5" />
		<Scaling id="4" value="0.75 0.75 0.75" />
		<Scaling id="5" value="1.25 1.25 1.25" />
		<Scaling id="6" value="2.3 2.5 2.5" />
	</Scalings>

	<Rotations>
		<Rotation id="1" value="270 0 0 1" />
	</Rotations>

	<Meshes>

		<Mesh id="1" type="wireframe">
			<Transformations>
			</Transformations>
			<Faces>
				1 2 3
                1 3 4
                8 3 2
                5 3 8
                4 3 5
                4 5 6
                6 5 8
                6 8 7
                7 1 4
                7 4 6
                7 2 1
                7 8 2
			</Faces>
		</Mesh>

        <Mesh id="2" type="wireframe">
            <Transformations>
				<Transformation>t 1</Transformation>
			</Transformations>
            <Faces>
                9 10 11
                9 11 12
                16 11 10
                13 11 16
                12 11 13
                12 13 14
                14 13 16
                14 16 15
                15 9 12
                15 12 14
                15 10 9
                15 16 10
            </Faces>
        </Mesh>


        <Mesh id="3" type="wireframe">
			<Transformations>
				<Transformation>r 1</Transformation>
				<Transformation>s 6</Transformation>
				<Transformation>t 1</Transformation>
				<Transformation>t 1</Transformation>
				<Transformation>t 2</Transformation>
			</Transformations>
			<Faces>
				17 19 18
				18 19 20
				20 19 21
				21 19 17
				18 20 17
				17 20 21
			</Faces>
		</Mesh>

	</Meshes>

</Scene>